id,name,email,id_order,total,card_type
1,error: Field 'first_name' not found,ealentyev0@cafepress.com,13062,311,switch
2,error: Field 'first_name' not found,ehedingham1@ustream.tv,18746,382,jcb
3,error: Field 'first_name' not found,efilshin2@webs.com,13406,23,mastercard
4,error: Field 'first_name' not found,ebartlomiejczyk3@gmpg.org,14956,43,switch
5,error: Field 'first_name' not found,estert4@seesaa.net,19264,118,jcb
6,error: Field 'first_name' not found,eneedham5@scientificamerican.com,18918,331,laser
7,error: Field 'first_name' not found,ealgore6@amazon.com,18528,204,jcb
8,error: Field 'first_name' not found,ebeesey7@wp.com,15662,377,jcb
9,error: Field 'first_name' not found,ecrosetti8@businessinsider.com,18834,302,switch
10,error: Field 'first_name' not found,ejanus9@harvard.edu,18203,56,maestro
11,error: Field 'first_name' not found,esheringtona@tmall.com,11151,231,jcb
12,error: Field 'first_name' not found,efickb@umn.edu,15247,46,americanexpress
13,error: Field 'first_name' not found,easalsc@slashdot.org,19772,21,china-unionpay
14,error: Field 'first_name' not found,ecrolld@house.gov,18231,110,bankcard
15,error: Field 'first_name' not found,eadiee@wordpress.org,15722,187,laser
16,error: Field 'first_name' not found,elochrief@cnet.com,12889,405,switch
17,error: Field 'first_name' not found,ebunneyg@oaic.gov.au,18070,180,jcb
18,error: Field 'first_name' not found,echristophersenh@cbslocal.com,18117,508,jcb
19,error: Field 'first_name' not found,edeguerrei@dropbox.com,11914,144,jcb
20,error: Field 'first_name' not found,efarrinj@ifeng.com,15976,493,maestro
21,error: Field 'first_name' not found,efurleyk@indiegogo.com,13209,463,maestro
22,error: Field 'first_name' not found,ecogleyl@dailymotion.com,13250,507,jcb
23,error: Field 'first_name' not found,echampionm@google.com.hk,12077,273,visa
24,error: Field 'first_name' not found,ebourgesn@google.com,15619,114,switch
25,error: Field 'first_name' not found,elimprechto@forbes.com,15314,360,switch
26,error: Field 'first_name' not found,emackneisp@surveymonkey.com,13038,21,mastercard
27,error: Field 'first_name' not found,enunesnabarroq@ucsd.edu,14842,466,jcb
28,error: Field 'first_name' not found,eabsolomr@squidoo.com,12702,333,instapayment
29,error: Field 'first_name' not found,emackeigs@forbes.com,13274,189,jcb
30,error: Field 'first_name' not found,eosbaldstonet@jigsy.com,11190,138,visa
31,error: Field 'first_name' not found,ebarszczewskiu@elegantthemes.com,14498,238,mastercard
32,error: Field 'first_name' not found,ehardstaffv@tripadvisor.com,18460,344,jcb
33,error: Field 'first_name' not found,ejardinw@si.edu,16038,244,diners-club-enroute
34,error: Field 'first_name' not found,esueterx@mac.com,19935,497,americanexpress
35,error: Field 'first_name' not found,ejanuszkiewiczy@instagram.com,13739,245,switch
36,error: Field 'first_name' not found,eseysz@youtu.be,12723,60,jcb
37,error: Field 'first_name' not found,ebaiyle10@squidoo.com,15238,54,mastercard
38,error: Field 'first_name' not found,ekayley11@rediff.com,18511,47,diners-club-carte-blanche
39,error: Field 'first_name' not found,eleiden12@stumbleupon.com,19509,23,visa-electron
40,error: Field 'first_name' not found,edossettor13@cdbaby.com,10650,475,jcb
41,error: Field 'first_name' not found,epeniman14@about.me,13954,111,diners-club-carte-blanche
42,error: Field 'first_name' not found,eamiranda15@t-online.de,13336,268,laser
43,error: Field 'first_name' not found,erudeyeard16@squarespace.com,16726,319,jcb
44,error: Field 'first_name' not found,eshirland17@cmu.edu,13650,72,visa-electron
45,error: Field 'first_name' not found,emacguffie18@comcast.net,10445,239,solo
46,error: Field 'first_name' not found,ecalver19@geocities.jp,16154,439,jcb
47,error: Field 'first_name' not found,eredshaw1a@bloglovin.com,13090,41,jcb
48,error: Field 'first_name' not found,ezarb1b@usgs.gov,10396,588,jcb
49,error: Field 'first_name' not found,emerriton1c@apple.com,11831,109,jcb
50,error: Field 'first_name' not found,ekingsnode1d@php.net,13808,468,visa-electron
51,error: Field 'first_name' not found,epinkstone1e@miibeian.gov.cn,19053,229,diners-club-carte-blanche
52,error: Field 'first_name' not found,ebottini1f@newyorker.com,13522,168,maestro
53,error: Field 'first_name' not found,ebalint1g@yolasite.com,13387,12,jcb
54,error: Field 'first_name' not found,epurdie1h@woothemes.com,18010,340,jcb
55,error: Field 'first_name' not found,etofful1i@shop-pro.jp,14022,502,switch
56,error: Field 'first_name' not found,elapthorn1j@un.org,14300,233,jcb
57,error: Field 'first_name' not found,eruggles1k@jigsy.com,15732,31,visa-electron
58,error: Field 'first_name' not found,edyment1l@ocn.ne.jp,19994,408,instapayment
59,error: Field 'first_name' not found,eepinay1m@cmu.edu,16986,299,diners-club-enroute
60,error: Field 'first_name' not found,ewhitehair1n@craigslist.org,11901,293,jcb
61,error: Field 'first_name' not found,ecloute1o@flickr.com,11358,303,visa-electron
62,error: Field 'first_name' not found,escarr1p@fotki.com,17873,330,jcb
63,error: Field 'first_name' not found,ejordanson1q@senate.gov,18064,122,diners-club-enroute
64,error: Field 'first_name' not found,efittis1r@wp.com,18766,260,jcb
65,error: Field 'first_name' not found,earrighetti1s@smugmug.com,11048,12,china-unionpay
66,error: Field 'first_name' not found,egierardi1t@auda.org.au,11282,233,solo
67,error: Field 'first_name' not found,eafonso1u@stumbleupon.com,11605,94,jcb
68,error: Field 'first_name' not found,etwaite1v@ftc.gov,13470,79,instapayment
69,error: Field 'first_name' not found,emacnelly1w@dion.ne.jp,19817,223,mastercard
70,error: Field 'first_name' not found,ewhaites1x@sciencedaily.com,18978,637,mastercard
71,error: Field 'first_name' not found,ewearden1y@oaic.gov.au,18096,70,visa-electron
72,error: Field 'first_name' not found,eponten1z@tamu.edu,15779,204,jcb
73,error: Field 'first_name' not found,eclericoates20@bandcamp.com,18459,239,jcb
74,error: Field 'first_name' not found,edosedale21@imgur.com,10819,104,jcb
75,error: Field 'first_name' not found,eyouel22@businessweek.com,18674,63,maestro
76,error: Field 'first_name' not found,elammerding23@netscape.com,13004,289,jcb
77,error: Field 'first_name' not found,eflament24@xing.com,12242,37,jcb
78,error: Field 'first_name' not found,eexelby25@yellowpages.com,11266,161,jcb
79,error: Field 'first_name' not found,erebbeck26@nba.com,15815,154,visa-electron
80,error: Field 'first_name' not found,egoodale27@google.com.au,12259,52,jcb
81,error: Field 'first_name' not found,ehanburry28@yale.edu,19588,42,visa
82,error: Field 'first_name' not found,etrippitt29@uol.com.br,12908,388,jcb
83,error: Field 'first_name' not found,esangra2a@so-net.ne.jp,17245,38,americanexpress
84,error: Field 'first_name' not found,ekittman2b@photobucket.com,13780,7,jcb
85,error: Field 'first_name' not found,ewheelhouse2c@google.co.uk,11160,185,jcb
86,error: Field 'first_name' not found,etunny2d@themeforest.net,15833,864,visa
87,error: Field 'first_name' not found,eformby2e@zdnet.com,19457,251,jcb
88,error: Field 'first_name' not found,elangmuir2f@noaa.gov,14538,32,jcb
89,error: Field 'first_name' not found,ekarys2g@ow.ly,12393,34,americanexpress
90,error: Field 'first_name' not found,ebuske2h@loc.gov,14891,37,jcb
91,error: Field 'first_name' not found,ebaumann2i@who.int,18992,227,maestro
92,error: Field 'first_name' not found,etelling2j@bloglines.com,15105,83,jcb
93,error: Field 'first_name' not found,echarman2k@cyberchimps.com,15584,32,jcb
94,error: Field 'first_name' not found,eludman2l@webs.com,11374,154,diners-club-carte-blanche
95,error: Field 'first_name' not found,erickman2m@ibm.com,17574,17,diners-club-enroute
96,error: Field 'first_name' not found,ewayvill2n@wired.com,15323,224,visa-electron
97,error: Field 'first_name' not found,educkworth2o@mayoclinic.com,11755,74,jcb
98,error: Field 'first_name' not found,emeekings2p@ucoz.ru,13638,74,jcb
99,error: Field 'first_name' not found,efarrens2q@rediff.com,15154,160,jcb
100,error: Field 'first_name' not found,eackwood2r@slideshare.net,12957,276,jcb
101,error: Field 'first_name' not found,enapoli2s@reddit.com,13892,248,diners-club-carte-blanche
102,error: Field 'first_name' not found,esign2t@foxnews.com,12833,46,bankcard
103,error: Field 'first_name' not found,egiacobillo2u@berkeley.edu,12296,138,jcb
104,error: Field 'first_name' not found,elyman2v@squidoo.com,12890,70,jcb
105,error: Field 'first_name' not found,epinfold2w@fema.gov,12942,136,jcb
106,error: Field 'first_name' not found,eberling2x@samsung.com,14905,158,bankcard
107,error: Field 'first_name' not found,eknocker2y@blog.com,15042,669,jcb
108,error: Field 'first_name' not found,eallett2z@columbia.edu,13617,272,jcb
109,error: Field 'first_name' not found,edevonshire30@google.com.br,14037,13,diners-club-us-ca
110,error: Field 'first_name' not found,ehedgeley31@wisc.edu,15802,127,bankcard
111,error: Field 'first_name' not found,esilber32@umich.edu,14567,507,jcb
112,error: Field 'first_name' not found,echarville33@people.com.cn,15093,315,maestro
113,error: Field 'first_name' not found,eslucock34@google.com,15563,293,diners-club-enroute
114,error: Field 'first_name' not found,ebeck35@webnode.com,15088,429,jcb
115,error: Field 'first_name' not found,egartery36@opensource.org,18760,7,diners-club-carte-blanche
116,error: Field 'first_name' not found,epietron37@gizmodo.com,14151,403,diners-club-us-ca
117,error: Field 'first_name' not found,ebowne38@globo.com,13290,198,jcb
118,error: Field 'first_name' not found,emellem39@desdev.cn,10202,478,jcb
119,error: Field 'first_name' not found,edumbreck3a@list-manage.com,13640,11,diners-club-enroute
120,error: Field 'first_name' not found,emebius3b@ask.com,18670,84,bankcard
121,error: Field 'first_name' not found,ecoker3c@hud.gov,12438,498,jcb
122,error: Field 'first_name' not found,ewalby3d@exblog.jp,15969,253,maestro
123,error: Field 'first_name' not found,epasquale3e@earthlink.net,13361,357,jcb
124,error: Field 'first_name' not found,emailes3f@i2i.jp,18214,123,switch
125,error: Field 'first_name' not found,ehagston3g@msn.com,15078,379,jcb
126,error: Field 'first_name' not found,ecreany3h@amazonaws.com,13424,284,switch
127,error: Field 'first_name' not found,eemmanuel3i@sogou.com,10815,411,solo
128,error: Field 'first_name' not found,ewandless3j@rediff.com,12618,251,jcb
129,error: Field 'first_name' not found,ebodman3k@behance.net,15258,480,instapayment
130,error: Field 'first_name' not found,edacres3l@squidoo.com,18493,289,jcb
131,error: Field 'first_name' not found,emalpas3m@ihg.com,16349,319,jcb
132,error: Field 'first_name' not found,ebastie3n@independent.co.uk,15802,30,china-unionpay
133,error: Field 'first_name' not found,eband3o@weebly.com,10487,112,jcb
134,error: Field 'first_name' not found,eewestace3p@1688.com,11508,229,bankcard
135,error: Field 'first_name' not found,epoynzer3q@columbia.edu,19756,7,mastercard
136,error: Field 'first_name' not found,eseawright3r@studiopress.com,10334,11,diners-club-enroute
137,error: Field 'first_name' not found,ebosenworth3s@zdnet.com,11920,537,mastercard
138,error: Field 'first_name' not found,eemeney3t@ox.ac.uk,18626,254,visa-electron
139,error: Field 'first_name' not found,eswoffer3u@timesonline.co.uk,18977,68,diners-club-carte-blanche
140,error: Field 'first_name' not found,escales3v@sciencedirect.com,15508,495,jcb
141,error: Field 'first_name' not found,eovenell3w@marketwatch.com,14592,228,jcb
142,error: Field 'first_name' not found,ejeannet3x@google.fr,15020,155,jcb
143,error: Field 'first_name' not found,etitcombe3y@csmonitor.com,13608,440,jcb
144,error: Field 'first_name' not found,ezuan3z@squidoo.com,19335,230,jcb
145,error: Field 'first_name' not found,etuohy40@imdb.com,17655,544,mastercard
146,error: Field 'first_name' not found,eleefe41@mail.ru,14120,89,bankcard
147,error: Field 'first_name' not found,eeyton42@bravesites.com,11732,168,jcb
148,error: Field 'first_name' not found,eyukhnin43@sina.com.cn,11750,277,jcb
149,error: Field 'first_name' not found,echatenier44@pbs.org,10426,446,laser
150,error: Field 'first_name' not found,ecapstack45@networksolutions.com,19025,7,jcb
151,error: Field 'first_name' not found,elemme46@businessinsider.com,18939,145,instapayment
152,error: Field 'first_name' not found,elowdiane47@geocities.jp,11915,349,jcb
153,error: Field 'first_name' not found,emattia48@nba.com,16491,205,visa
154,error: Field 'first_name' not found,evasser49@tuttocitta.it,12057,429,jcb
155,error: Field 'first_name' not found,ehadingham4a@cyberchimps.com,11014,230,switch
156,error: Field 'first_name' not found,edelves4b@go.com,19181,404,jcb
157,error: Field 'first_name' not found,ecane4c@ox.ac.uk,10809,675,maestro
158,error: Field 'first_name' not found,etonge4d@apple.com,14334,516,jcb
159,error: Field 'first_name' not found,elansdowne4e@icq.com,11035,429,jcb
160,error: Field 'first_name' not found,ebisatt4f@xinhuanet.com,17728,232,maestro
161,error: Field 'first_name' not found,esmoth4g@free.fr,19755,306,jcb
162,error: Field 'first_name' not found,estovell4h@behance.net,14728,287,jcb
163,error: Field 'first_name' not found,ecrippell4i@drupal.org,12668,333,visa-electron
164,error: Field 'first_name' not found,ebailes4j@go.com,18036,237,maestro
165,error: Field 'first_name' not found,edouty4k@mac.com,12101,212,mastercard
166,error: Field 'first_name' not found,ecarneck4l@gov.uk,11196,429,jcb
167,error: Field 'first_name' not found,estandbridge4m@mlb.com,19365,369,jcb
168,error: Field 'first_name' not found,emanicom4n@i2i.jp,18077,209,maestro
169,error: Field 'first_name' not found,earnau4o@hhs.gov,14283,336,jcb
170,error: Field 'first_name' not found,edisney4p@1688.com,10750,374,bankcard
171,error: Field 'first_name' not found,ebrownhall4q@privacy.gov.au,12094,35,diners-club-carte-blanche
172,error: Field 'first_name' not found,erattry4r@prlog.org,18576,25,jcb
173,error: Field 'first_name' not found,elarrie4s@xinhuanet.com,14713,725,jcb
174,error: Field 'first_name' not found,etysack4t@si.edu,10242,113,visa
175,error: Field 'first_name' not found,egallahue4u@gnu.org,10949,483,diners-club-carte-blanche
176,error: Field 'first_name' not found,ehabberjam4v@g.co,13065,9,jcb
177,error: Field 'first_name' not found,eadair4w@hhs.gov,10415,141,mastercard
178,error: Field 'first_name' not found,ebernardini4x@va.gov,13443,158,mastercard
179,error: Field 'first_name' not found,ebotfield4y@blogtalkradio.com,18191,143,maestro
180,error: Field 'first_name' not found,egiacobillo4z@goodreads.com,18603,389,jcb
181,error: Field 'first_name' not found,ecrichmere50@domainmarket.com,13333,162,jcb
182,error: Field 'first_name' not found,ehassewell51@livejournal.com,18984,18,jcb
183,error: Field 'first_name' not found,ekilleen52@amazon.de,18786,117,jcb
184,error: Field 'first_name' not found,easquez53@disqus.com,15122,189,visa-electron
185,error: Field 'first_name' not found,ekloisner54@tripadvisor.com,18931,98,mastercard
186,error: Field 'first_name' not found,eheadly55@soundcloud.com,19024,44,diners-club-us-ca
187,error: Field 'first_name' not found,ebulfield56@about.com,16405,49,maestro
188,error: Field 'first_name' not found,enorthall57@hubpages.com,12257,178,visa-electron
189,error: Field 'first_name' not found,emcgann58@chronoengine.com,12162,474,jcb
190,error: Field 'first_name' not found,epennone59@adobe.com,15666,165,jcb
191,error: Field 'first_name' not found,eorbell5a@prweb.com,17370,85,mastercard
192,error: Field 'first_name' not found,ebreadon5b@cpanel.net,11482,170,jcb
193,error: Field 'first_name' not found,ewestbrook5c@elegantthemes.com,16838,53,bankcard
194,error: Field 'first_name' not found,eclemont5d@hhs.gov,17877,481,jcb
195,error: Field 'first_name' not found,eoduilleain5e@netvibes.com,16172,529,jcb
196,error: Field 'first_name' not found,etomei5f@wikipedia.org,16446,166,bankcard
197,error: Field 'first_name' not found,epark5g@umich.edu,11217,211,instapayment
198,error: Field 'first_name' not found,eterrington5h@techcrunch.com,14805,14,jcb
199,error: Field 'first_name' not found,emcdowall5i@oaic.gov.au,18827,559,mastercard
200,error: Field 'first_name' not found,elingwood5j@tinypic.com,13583,86,mastercard
201,error: Field 'first_name' not found,ehrishanok5k@virginia.edu,17646,288,jcb
202,error: Field 'first_name' not found,ekemwall5l@chicagotribune.com,13440,65,mastercard
203,error: Field 'first_name' not found,ewarters5m@techcrunch.com,11102,303,switch
204,error: Field 'first_name' not found,erogliero5n@hhs.gov,10690,39,jcb
205,error: Field 'first_name' not found,eroman5o@163.com,13964,263,mastercard
206,error: Field 'first_name' not found,etarbet5p@tuttocitta.it,14563,181,diners-club-enroute
207,error: Field 'first_name' not found,eearingey5q@oracle.com,10003,424,mastercard
208,error: Field 'first_name' not found,ebartlett5r@redcross.org,12124,407,visa-electron
209,error: Field 'first_name' not found,emaxwale5s@rakuten.co.jp,14348,362,diners-club-carte-blanche
210,error: Field 'first_name' not found,eanwell5t@fastcompany.com,19354,437,diners-club-enroute
211,error: Field 'first_name' not found,epoat5u@123-reg.co.uk,16588,33,jcb
212,error: Field 'first_name' not found,ewestphal5v@msn.com,18704,320,maestro
213,error: Field 'first_name' not found,eciccarelli5w@time.com,10655,219,visa
214,error: Field 'first_name' not found,eallcoat5x@chicagotribune.com,10421,213,jcb
215,error: Field 'first_name' not found,epyecroft5y@yellowbook.com,18647,131,jcb
216,error: Field 'first_name' not found,efray5z@blogs.com,13578,60,jcb
217,error: Field 'first_name' not found,edunne60@hud.gov,13646,245,visa
218,error: Field 'first_name' not found,etombleson61@salon.com,18559,10,jcb
219,error: Field 'first_name' not found,efain62@networkadvertising.org,10690,215,switch
220,error: Field 'first_name' not found,ehuckfield63@chicagotribune.com,19870,91,mastercard
221,error: Field 'first_name' not found,emyring64@dropbox.com,17207,403,maestro
222,error: Field 'first_name' not found,edemetr65@slideshare.net,17309,54,jcb
223,error: Field 'first_name' not found,estormouth66@vimeo.com,10389,793,jcb
224,error: Field 'first_name' not found,efigure67@stanford.edu,11954,70,switch
225,error: Field 'first_name' not found,emcsperron68@list-manage.com,11503,100,jcb
226,error: Field 'first_name' not found,egeorgeson69@adobe.com,11842,12,mastercard
227,error: Field 'first_name' not found,ewohlers6a@statcounter.com,18823,86,diners-club-enroute
228,error: Field 'first_name' not found,epeskett6b@addthis.com,15500,134,diners-club-carte-blanche
229,error: Field 'first_name' not found,ehawkings6c@hatena.ne.jp,19908,68,switch
230,error: Field 'first_name' not found,elegrice6d@tripod.com,16079,205,jcb
231,error: Field 'first_name' not found,enairns6e@blog.com,10829,52,diners-club-carte-blanche
232,error: Field 'first_name' not found,eherculeson6f@dropbox.com,12279,358,americanexpress
233,error: Field 'first_name' not found,ecotes6g@apache.org,17243,291,jcb
234,error: Field 'first_name' not found,ecarless6h@prlog.org,11532,86,bankcard
235,error: Field 'first_name' not found,ehundell6i@salon.com,12094,595,jcb
236,error: Field 'first_name' not found,eodonoghue6j@shareasale.com,17121,155,diners-club-carte-blanche
237,error: Field 'first_name' not found,estarsmore6k@jigsy.com,13414,192,jcb
238,error: Field 'first_name' not found,ecloss6l@theguardian.com,19609,1,diners-club-carte-blanche
239,error: Field 'first_name' not found,ealmack6m@sourceforge.net,17932,337,americanexpress
240,error: Field 'first_name' not found,ematthew6n@themeforest.net,11726,45,maestro
241,error: Field 'first_name' not found,enicklinson6o@hostgator.com,13337,375,maestro
242,error: Field 'first_name' not found,ekernock6p@ca.gov,11686,164,china-unionpay
243,error: Field 'first_name' not found,ehanscombe6q@economist.com,19661,196,bankcard
244,error: Field 'first_name' not found,elockyear6r@wired.com,17049,343,jcb
245,error: Field 'first_name' not found,eabrehart6s@senate.gov,16480,69,jcb
246,error: Field 'first_name' not found,ebuyers6t@sbwire.com,18769,25,jcb
247,error: Field 'first_name' not found,edablin6u@aol.com,15618,187,jcb
248,error: Field 'first_name' not found,epaolino6v@qq.com,19906,254,diners-club-carte-blanche
249,error: Field 'first_name' not found,eblaydon6w@businesswire.com,10606,472,visa-electron
250,error: Field 'first_name' not found,eharrinson6x@ucsd.edu,15765,188,jcb
251,error: Field 'first_name' not found,ebeviss6y@wordpress.com,13538,456,diners-club-carte-blanche
252,error: Field 'first_name' not found,etuley6z@netscape.com,14159,233,jcb
253,error: Field 'first_name' not found,esuddock70@flickr.com,14306,155,diners-club-enroute
254,error: Field 'first_name' not found,emcgourty71@nhs.uk,16285,444,bankcard
255,error: Field 'first_name' not found,edirocca72@google.com.au,12224,223,jcb
256,error: Field 'first_name' not found,ejeannon73@bigcartel.com,18848,141,jcb
257,error: Field 'first_name' not found,epadkin74@hp.com,12029,484,instapayment
258,error: Field 'first_name' not found,ebowyer75@oracle.com,13399,11,jcb
259,error: Field 'first_name' not found,emcwhorter76@posterous.com,10451,321,jcb
260,error: Field 'first_name' not found,etoomey77@house.gov,15537,68,americanexpress
261,error: Field 'first_name' not found,efelkin78@paginegialle.it,10076,261,jcb
262,error: Field 'first_name' not found,edore79@bing.com,13351,378,jcb
263,error: Field 'first_name' not found,etocqueville7a@cnet.com,19836,282,jcb
264,error: Field 'first_name' not found,ewarriner7b@oaic.gov.au,17674,229,jcb
265,error: Field 'first_name' not found,eitzkovitch7c@qq.com,17171,112,jcb
266,error: Field 'first_name' not found,ereith7d@gov.uk,10750,9,jcb
267,error: Field 'first_name' not found,edandie7e@odnoklassniki.ru,11486,189,jcb
268,error: Field 'first_name' not found,eandryushchenko7f@youku.com,15045,122,jcb
269,error: Field 'first_name' not found,egarrit7g@sogou.com,12351,76,visa
270,error: Field 'first_name' not found,ecaramuscia7h@flickr.com,13009,399,jcb
271,error: Field 'first_name' not found,evanbruggen7i@angelfire.com,16448,318,bankcard
272,error: Field 'first_name' not found,egoodrick7j@reuters.com,19835,206,diners-club-international
273,error: Field 'first_name' not found,eplaid7k@ehow.com,19305,333,diners-club-enroute
274,error: Field 'first_name' not found,edalloway7l@over-blog.com,16705,46,bankcard
275,error: Field 'first_name' not found,efriar7m@auda.org.au,14826,358,jcb
276,error: Field 'first_name' not found,ebradwell7n@buzzfeed.com,15954,37,jcb
277,error: Field 'first_name' not found,ehellikes7o@globo.com,10168,399,visa-electron
278,error: Field 'first_name' not found,eoveral7p@naver.com,17453,58,maestro
279,error: Field 'first_name' not found,edellcasa7q@cocolog-nifty.com,13177,180,diners-club-carte-blanche
280,error: Field 'first_name' not found,ebordone7r@tripadvisor.com,18830,51,bankcard
281,error: Field 'first_name' not found,ebellew7s@elegantthemes.com,19969,201,mastercard
282,error: Field 'first_name' not found,erubinowitsch7t@wikia.com,14412,230,bankcard
283,error: Field 'first_name' not found,eogelbe7u@vistaprint.com,19459,237,jcb
284,error: Field 'first_name' not found,epooly7v@imageshack.us,14512,210,jcb
285,error: Field 'first_name' not found,ecowles7w@illinois.edu,19373,414,mastercard
286,error: Field 'first_name' not found,edemendoza7x@wsj.com,16192,220,americanexpress
287,error: Field 'first_name' not found,egoomes7y@cbslocal.com,12332,154,jcb
288,error: Field 'first_name' not found,ecastleman7z@github.com,15418,20,jcb
289,error: Field 'first_name' not found,ejanic80@tinyurl.com,15989,142,mastercard
290,error: Field 'first_name' not found,eree81@nasa.gov,11063,16,jcb
291,error: Field 'first_name' not found,edwane82@alibaba.com,17103,236,jcb
292,error: Field 'first_name' not found,ecoverdill83@gmpg.org,15846,529,jcb
293,error: Field 'first_name' not found,ekinver84@sakura.ne.jp,12064,118,americanexpress
294,error: Field 'first_name' not found,ebenes85@opensource.org,14854,71,bankcard
295,error: Field 'first_name' not found,ehaster86@latimes.com,17237,189,americanexpress
296,error: Field 'first_name' not found,emccaughan87@nyu.edu,12675,30,americanexpress
297,error: Field 'first_name' not found,eottawell88@mashable.com,16952,58,switch
298,error: Field 'first_name' not found,efellos89@51.la,19767,52,jcb
299,error: Field 'first_name' not found,eloadman8a@prnewswire.com,14301,1,visa
300,error: Field 'first_name' not found,egianotti8b@shop-pro.jp,14550,73,solo
301,error: Field 'first_name' not found,egaenor8c@dailymail.co.uk,18563,240,jcb
302,error: Field 'first_name' not found,eboothebie8d@ezinearticles.com,10124,143,laser
303,error: Field 'first_name' not found,ebrunsden8e@nbcnews.com,16374,162,mastercard
304,error: Field 'first_name' not found,ecornier8f@seattletimes.com,15668,169,jcb
305,error: Field 'first_name' not found,ecasarino8g@devhub.com,18086,207,jcb
306,error: Field 'first_name' not found,eizakson8h@cpanel.net,15104,301,jcb
307,error: Field 'first_name' not found,emanderson8i@noaa.gov,10999,158,mastercard
308,error: Field 'first_name' not found,eabba8j@hhs.gov,18845,21,jcb
309,error: Field 'first_name' not found,eruck8k@netvibes.com,15605,313,jcb
310,error: Field 'first_name' not found,emacilriach8l@vk.com,10935,25,instapayment
311,error: Field 'first_name' not found,ealvey8m@github.com,15331,410,solo
312,error: Field 'first_name' not found,eboreham8n@godaddy.com,16941,97,jcb
313,error: Field 'first_name' not found,ealthorpe8o@twitter.com,16987,60,jcb
314,error: Field 'first_name' not found,emaccosto8p@apache.org,13142,222,switch
315,error: Field 'first_name' not found,esharpley8q@yandex.ru,19397,18,jcb
316,error: Field 'first_name' not found,ephippard8r@nationalgeographic.com,17667,392,jcb
317,error: Field 'first_name' not found,epaffett8s@scientificamerican.com,13500,259,jcb
318,error: Field 'first_name' not found,ehare8t@mediafire.com,11560,269,diners-club-carte-blanche
319,error: Field 'first_name' not found,erubenov8u@unesco.org,12998,302,jcb
320,error: Field 'first_name' not found,ehouseley8v@live.com,13933,432,instapayment
321,error: Field 'first_name' not found,emackerel8w@ebay.com,15863,161,jcb
322,error: Field 'first_name' not found,eseid8x@upenn.edu,10286,87,jcb
323,error: Field 'first_name' not found,egorch8y@last.fm,18609,31,jcb
324,error: Field 'first_name' not found,egarfath8z@nbcnews.com,11006,554,jcb
325,error: Field 'first_name' not found,edemaine90@geocities.jp,17893,374,jcb
326,error: Field 'first_name' not found,efahy91@google.com,15747,128,china-unionpay
327,error: Field 'first_name' not found,ejurgenson92@miibeian.gov.cn,17269,430,jcb
328,error: Field 'first_name' not found,elathwell93@sogou.com,12390,361,jcb
329,error: Field 'first_name' not found,eprichard94@go.com,11593,27,maestro
330,error: Field 'first_name' not found,ehenniger95@unc.edu,18373,187,mastercard
331,error: Field 'first_name' not found,ewhieldon96@google.pl,13737,21,maestro
332,error: Field 'first_name' not found,etabert97@amazonaws.com,11519,39,jcb
333,error: Field 'first_name' not found,ejoslow98@people.com.cn,19712,94,jcb
334,error: Field 'first_name' not found,efrancillo99@skype.com,16804,203,maestro
335,error: Field 'first_name' not found,ejedrysik9a@accuweather.com,11956,304,jcb
336,error: Field 'first_name' not found,etanguy9b@google.pl,14344,7,jcb
337,error: Field 'first_name' not found,eaviss9c@guardian.co.uk,14314,201,jcb
338,error: Field 'first_name' not found,ewillgoose9d@tripadvisor.com,16924,135,jcb
339,error: Field 'first_name' not found,educker9e@ameblo.jp,17097,475,mastercard
340,error: Field 'first_name' not found,egebbe9f@bravesites.com,10836,80,visa-electron
341,error: Field 'first_name' not found,esinton9g@cloudflare.com,14983,421,mastercard
342,error: Field 'first_name' not found,espirit9h@sina.com.cn,15369,589,mastercard
343,error: Field 'first_name' not found,ebuckthorp9i@elegantthemes.com,10929,270,jcb
344,error: Field 'first_name' not found,elaity9j@mlb.com,11182,325,jcb
345,error: Field 'first_name' not found,eseaton9k@hostgator.com,18174,281,mastercard
346,error: Field 'first_name' not found,eoferris9l@hugedomains.com,18567,172,diners-club-carte-blanche
347,error: Field 'first_name' not found,etrewhela9m@sun.com,10311,96,diners-club-enroute
348,error: Field 'first_name' not found,eyewdall9n@canalblog.com,17548,3,jcb
349,error: Field 'first_name' not found,eregnard9o@netlog.com,15398,136,jcb
350,error: Field 'first_name' not found,ehembry9p@salon.com,17419,266,mastercard
351,error: Field 'first_name' not found,epattillo9q@lulu.com,18687,564,americanexpress
352,error: Field 'first_name' not found,erussan9r@1688.com,15819,258,diners-club-carte-blanche
353,error: Field 'first_name' not found,ejandourek9s@state.tx.us,10567,280,americanexpress
354,error: Field 'first_name' not found,emosedall9t@house.gov,12700,73,jcb
355,error: Field 'first_name' not found,eblundell9u@slate.com,14014,163,jcb
356,error: Field 'first_name' not found,eswancott9v@flavors.me,11337,81,jcb
357,error: Field 'first_name' not found,ebroadey9w@fastcompany.com,15975,359,americanexpress
358,error: Field 'first_name' not found,ebridle9x@lulu.com,19246,324,jcb
359,error: Field 'first_name' not found,edunnet9y@icq.com,17750,134,mastercard
360,error: Field 'first_name' not found,eakister9z@ihg.com,13521,268,americanexpress
361,error: Field 'first_name' not found,elegena0@list-manage.com,12744,118,jcb
362,error: Field 'first_name' not found,eharesnapea1@skype.com,14092,239,jcb
363,error: Field 'first_name' not found,eacklanda2@state.gov,13175,183,mastercard
364,error: Field 'first_name' not found,eshreevesa3@tinyurl.com,15680,425,jcb
365,error: Field 'first_name' not found,esabathiera4@google.fr,17437,106,jcb
366,error: Field 'first_name' not found,ebrogionia5@bloglovin.com,17662,25,jcb
367,error: Field 'first_name' not found,ehavika6@trellian.com,14071,93,jcb
368,error: Field 'first_name' not found,ewhitneya7@newsvine.com,16431,132,jcb
369,error: Field 'first_name' not found,esandesona8@mail.ru,19007,45,jcb
370,error: Field 'first_name' not found,ebailessa9@google.de,10769,254,bankcard
371,error: Field 'first_name' not found,ebusfieldaa@imageshack.us,17526,847,maestro
372,error: Field 'first_name' not found,egarrickab@wordpress.org,10841,270,bankcard
373,error: Field 'first_name' not found,egrahameac@google.com,19572,548,jcb
374,error: Field 'first_name' not found,elosemannad@usatoday.com,12557,392,visa-electron
375,error: Field 'first_name' not found,eallensonae@sitemeter.com,13165,282,jcb
376,error: Field 'first_name' not found,emcconaghyaf@vkontakte.ru,17138,147,maestro
377,error: Field 'first_name' not found,ericciag@blogtalkradio.com,18691,344,jcb
378,error: Field 'first_name' not found,eeidlerah@dmoz.org,18355,71,diners-club-carte-blanche
379,error: Field 'first_name' not found,ekortingai@tinyurl.com,16675,91,jcb
380,error: Field 'first_name' not found,efeldbaumaj@i2i.jp,10734,400,visa
381,error: Field 'first_name' not found,erosengartenak@walmart.com,10984,169,jcb
382,error: Field 'first_name' not found,elurneral@hatena.ne.jp,14492,466,visa-electron
383,error: Field 'first_name' not found,ejedrykaam@nationalgeographic.com,14479,80,jcb
384,error: Field 'first_name' not found,edewhurstan@nbcnews.com,17864,195,diners-club-enroute
385,error: Field 'first_name' not found,etubridyao@senate.gov,12973,496,jcb
386,error: Field 'first_name' not found,egepsonap@tripadvisor.com,12351,170,americanexpress
387,error: Field 'first_name' not found,erosenwasseraq@vkontakte.ru,10769,117,maestro
388,error: Field 'first_name' not found,edoutchar@ehow.com,19100,236,maestro
389,error: Field 'first_name' not found,eworssamas@friendfeed.com,16071,351,diners-club-enroute
390,error: Field 'first_name' not found,eshreveat@youku.com,15864,358,laser
391,error: Field 'first_name' not found,eabthorpeau@chron.com,15550,68,jcb
392,error: Field 'first_name' not found,edauberav@amazon.co.jp,18606,134,maestro
393,error: Field 'first_name' not found,egoggeyaw@unblog.fr,19068,4,solo
394,error: Field 'first_name' not found,eburnyeatax@t.co,19353,40,maestro
395,error: Field 'first_name' not found,egloveray@pen.io,17382,26,diners-club-enroute
396,error: Field 'first_name' not found,ewhylieaz@unicef.org,15547,227,china-unionpay
397,error: Field 'first_name' not found,estapyltonb0@i2i.jp,18826,360,bankcard
398,error: Field 'first_name' not found,eginityb1@imageshack.us,13406,222,jcb
399,error: Field 'first_name' not found,espauleb2@woothemes.com,11660,13,jcb
400,error: Field 'first_name' not found,ekonertzb3@umn.edu,15845,165,jcb
401,error: Field 'first_name' not found,evillaretb4@360.cn,19002,224,jcb
402,error: Field 'first_name' not found,eskyppeb5@gov.uk,10750,58,laser
403,error: Field 'first_name' not found,edunawayb6@sitemeter.com,14040,284,americanexpress
404,error: Field 'first_name' not found,eshetliffb7@google.co.uk,13295,272,switch
405,error: Field 'first_name' not found,elazonbyb8@netscape.com,10505,141,maestro
406,error: Field 'first_name' not found,erolseb9@craigslist.org,16153,215,jcb
407,error: Field 'first_name' not found,emaunsellba@csmonitor.com,17628,561,switch
408,error: Field 'first_name' not found,ehackettbb@mashable.com,14646,640,china-unionpay
409,error: Field 'first_name' not found,egawthropbc@illinois.edu,19831,247,americanexpress
410,error: Field 'first_name' not found,eliddicoatbd@ucoz.ru,11664,362,jcb
411,error: Field 'first_name' not found,egillettbe@histats.com,16023,525,jcb
412,error: Field 'first_name' not found,efoulserbf@quantcast.com,13693,207,switch
413,error: Field 'first_name' not found,efoldsbg@list-manage.com,17551,221,maestro
414,error: Field 'first_name' not found,eansillbh@prnewswire.com,19863,189,diners-club-carte-blanche
415,error: Field 'first_name' not found,ebamptonbi@yolasite.com,16075,402,jcb
416,error: Field 'first_name' not found,eleckeybj@google.it,12689,115,americanexpress
417,error: Field 'first_name' not found,esanfordbk@hostgator.com,10602,225,jcb
418,error: Field 'first_name' not found,ebayntonbl@123-reg.co.uk,17414,181,maestro
419,error: Field 'first_name' not found,eosmintbm@w3.org,16483,10,jcb
420,error: Field 'first_name' not found,eslightbn@rambler.ru,18340,49,mastercard
421,error: Field 'first_name' not found,egirardezbo@businessinsider.com,16686,102,visa-electron
422,error: Field 'first_name' not found,egettensbp@google.pl,10006,555,jcb
423,error: Field 'first_name' not found,emayobq@utexas.edu,17834,17,diners-club-international
424,error: Field 'first_name' not found,ethonasonbr@ocn.ne.jp,10045,368,jcb
425,error: Field 'first_name' not found,egoddingbs@livejournal.com,16893,37,solo
426,error: Field 'first_name' not found,ewymerbt@upenn.edu,10976,534,visa-electron
427,error: Field 'first_name' not found,ejeebu@smugmug.com,15345,135,bankcard
428,error: Field 'first_name' not found,eespinosabv@comcast.net,10050,376,visa
429,error: Field 'first_name' not found,ealsinabw@cbslocal.com,15379,277,laser
430,error: Field 'first_name' not found,egibbebx@seesaa.net,12206,69,jcb
431,error: Field 'first_name' not found,earendsenby@ftc.gov,16419,141,jcb
432,error: Field 'first_name' not found,ezorrobz@answers.com,16675,214,americanexpress
433,error: Field 'first_name' not found,ekerwinc0@bloomberg.com,10101,150,visa-electron
434,error: Field 'first_name' not found,eantcliffc1@creativecommons.org,18943,211,mastercard
435,error: Field 'first_name' not found,ewillicottc2@msn.com,10539,157,jcb
436,error: Field 'first_name' not found,ebomec3@upenn.edu,11469,101,americanexpress
437,error: Field 'first_name' not found,eschneiderc4@newsvine.com,11688,165,maestro
438,error: Field 'first_name' not found,erolfoc5@w3.org,19308,20,switch
439,error: Field 'first_name' not found,eskittrellc6@census.gov,14465,326,mastercard
440,error: Field 'first_name' not found,efenkelc7@virginia.edu,12677,311,americanexpress
441,error: Field 'first_name' not found,etinglyc8@mapy.cz,14542,63,visa-electron
442,error: Field 'first_name' not found,emckinnellc9@freewebs.com,15390,602,jcb
443,error: Field 'first_name' not found,ebennoughca@wsj.com,11863,115,jcb
444,error: Field 'first_name' not found,emowsdellcb@columbia.edu,15686,319,jcb
445,error: Field 'first_name' not found,eraviluscc@reddit.com,14660,262,china-unionpay
446,error: Field 'first_name' not found,emcgiffcd@livejournal.com,17321,49,bankcard
447,error: Field 'first_name' not found,eludvigsence@webnode.com,18303,33,jcb
448,error: Field 'first_name' not found,edugallcf@noaa.gov,18571,39,jcb
449,error: Field 'first_name' not found,emcwhannelcg@dion.ne.jp,15194,83,jcb
450,error: Field 'first_name' not found,eyaldrench@netlog.com,12584,344,jcb
451,error: Field 'first_name' not found,esaxonci@hhs.gov,11715,3,mastercard
452,error: Field 'first_name' not found,echenerycj@nationalgeographic.com,13555,296,diners-club-enroute
453,error: Field 'first_name' not found,eenochssonck@mashable.com,13693,73,jcb
454,error: Field 'first_name' not found,erickscl@google.com.hk,19902,404,jcb
455,error: Field 'first_name' not found,ehumpherstoncm@odnoklassniki.ru,18200,182,jcb
456,error: Field 'first_name' not found,estreatercn@dailymail.co.uk,14113,210,bankcard
457,error: Field 'first_name' not found,eelcumco@nbcnews.com,13648,418,jcb
458,error: Field 'first_name' not found,esammecp@blinklist.com,16536,231,china-unionpay
459,error: Field 'first_name' not found,efolgercq@bing.com,16249,53,mastercard
460,error: Field 'first_name' not found,ephilipsencr@fc2.com,17223,505,diners-club-carte-blanche
461,error: Field 'first_name' not found,etussainecs@t-online.de,13674,268,diners-club-carte-blanche
462,error: Field 'first_name' not found,eczadlact@cnn.com,14482,412,bankcard
463,error: Field 'first_name' not found,enizetcu@flickr.com,17890,233,maestro
464,error: Field 'first_name' not found,etrewhellacv@apache.org,15804,649,visa
465,error: Field 'first_name' not found,egeytoncw@cargocollective.com,17052,340,mastercard
466,error: Field 'first_name' not found,etuplincx@ehow.com,10521,195,maestro
467,error: Field 'first_name' not found,elillicropcy@parallels.com,17213,30,switch
468,error: Field 'first_name' not found,ebeavencz@nhs.uk,11137,87,mastercard
469,error: Field 'first_name' not found,ekeyworthd0@ftc.gov,18739,231,china-unionpay
470,error: Field 'first_name' not found,eiliffed1@slashdot.org,19868,188,jcb
471,error: Field 'first_name' not found,eelmhurstd2@comcast.net,10053,285,visa-electron
472,error: Field 'first_name' not found,elockneyd3@geocities.jp,15660,94,jcb
473,error: Field 'first_name' not found,eomearad4@usatoday.com,15539,1,switch
474,error: Field 'first_name' not found,emarsd5@behance.net,19764,128,instapayment
475,error: Field 'first_name' not found,emurchd6@house.gov,10542,270,diners-club-carte-blanche
476,error: Field 'first_name' not found,emerredyd7@clickbank.net,15210,414,jcb
477,error: Field 'first_name' not found,esimmankd8@earthlink.net,12068,197,switch
478,error: Field 'first_name' not found,echarleyd9@phoca.cz,17943,478,americanexpress
479,error: Field 'first_name' not found,eribouda@walmart.com,16877,332,jcb
480,error: Field 'first_name' not found,ebulcockdb@blogtalkradio.com,11237,153,jcb
481,error: Field 'first_name' not found,edinningtondc@lulu.com,14939,183,jcb
482,error: Field 'first_name' not found,elagadudd@theguardian.com,16110,45,visa
483,error: Field 'first_name' not found,eblaskettde@berkeley.edu,14461,71,jcb
484,error: Field 'first_name' not found,enunandf@etsy.com,16920,230,jcb
485,error: Field 'first_name' not found,emarieldg@admin.ch,19244,373,jcb
486,error: Field 'first_name' not found,ecapelendh@geocities.jp,10972,345,jcb
487,error: Field 'first_name' not found,ejandi@geocities.jp,15073,34,americanexpress
488,error: Field 'first_name' not found,eluggardj@t-online.de,12917,518,jcb
489,error: Field 'first_name' not found,efynandk@google.ru,17787,48,jcb
490,error: Field 'first_name' not found,ehabbledl@list-manage.com,10114,330,laser
491,error: Field 'first_name' not found,egebbydm@walmart.com,18177,498,jcb
492,error: Field 'first_name' not found,emacgoundn@about.me,16473,439,bankcard
493,error: Field 'first_name' not found,eshimwelldo@europa.eu,14596,438,jcb
494,error: Field 'first_name' not found,edougandp@usda.gov,12445,342,jcb
495,error: Field 'first_name' not found,ebachuradq@amazonaws.com,18413,521,americanexpress
496,error: Field 'first_name' not found,esweynsondr@google.de,13644,72,jcb
497,error: Field 'first_name' not found,egrosvenerds@pbs.org,13289,269,americanexpress
498,error: Field 'first_name' not found,eseviourdt@google.com.au,11536,649,jcb
499,error: Field 'first_name' not found,egreetdu@upenn.edu,18691,173,visa
500,error: Field 'first_name' not found,econrathdv@arstechnica.com,14117,303,bankcard
501,error: Field 'first_name' not found,eaudleydw@webs.com,11835,111,laser
502,error: Field 'first_name' not found,efluxdx@theguardian.com,15587,118,jcb
503,error: Field 'first_name' not found,eshortdy@craigslist.org,19747,80,diners-club-enroute
504,error: Field 'first_name' not found,ereynoldsondz@time.com,19159,2,bankcard
505,error: Field 'first_name' not found,erosenfelte0@foxnews.com,13811,208,switch
506,error: Field 'first_name' not found,esherebrookee1@washington.edu,17789,506,maestro
507,error: Field 'first_name' not found,eygoe2@nih.gov,17968,311,maestro
508,error: Field 'first_name' not found,emaxwelle3@nifty.com,10570,178,jcb
509,error: Field 'first_name' not found,egrousee4@t.co,13062,97,visa-electron
510,error: Field 'first_name' not found,eimorte5@foxnews.com,10583,354,diners-club-carte-blanche
511,error: Field 'first_name' not found,ekobese6@nydailynews.com,19074,265,switch
512,error: Field 'first_name' not found,ehyame7@independent.co.uk,10743,320,jcb
513,error: Field 'first_name' not found,ejehane8@ca.gov,19295,93,jcb
514,error: Field 'first_name' not found,eralline9@phpbb.com,14668,795,china-unionpay
515,error: Field 'first_name' not found,edeeveyea@businesswire.com,13686,570,jcb
516,error: Field 'first_name' not found,epleaceeb@discuz.net,14635,269,maestro
517,error: Field 'first_name' not found,echisolmec@arstechnica.com,16902,16,diners-club-carte-blanche
518,error: Field 'first_name' not found,egosarted@ed.gov,12099,270,china-unionpay
519,error: Field 'first_name' not found,eshewonee@wix.com,15137,67,jcb
520,error: Field 'first_name' not found,espaightef@is.gd,11499,625,china-unionpay
521,error: Field 'first_name' not found,espeachleyeg@ox.ac.uk,19704,200,china-unionpay
522,error: Field 'first_name' not found,ebownasseh@about.com,15272,60,jcb
523,error: Field 'first_name' not found,egudgerei@baidu.com,17661,245,jcb
524,error: Field 'first_name' not found,emccroneej@eventbrite.com,15659,350,visa-electron
525,error: Field 'first_name' not found,efladeek@soundcloud.com,11536,171,laser
526,error: Field 'first_name' not found,earnotel@goodreads.com,16819,208,jcb
527,error: Field 'first_name' not found,ealdayem@bizjournals.com,18861,57,jcb
528,error: Field 'first_name' not found,epilkingtonen@upenn.edu,10534,48,diners-club-enroute
529,error: Field 'first_name' not found,efishbourneeo@sitemeter.com,13948,305,visa-electron
530,error: Field 'first_name' not found,eburnhillep@ovh.net,11243,236,jcb
531,error: Field 'first_name' not found,epecheteq@cbslocal.com,11560,309,mastercard
532,error: Field 'first_name' not found,eflorezer@seesaa.net,17293,37,jcb
533,error: Field 'first_name' not found,eellwandes@illinois.edu,10479,390,jcb
534,error: Field 'first_name' not found,eblazyet@techcrunch.com,18246,176,jcb
535,error: Field 'first_name' not found,emassoteu@domainmarket.com,11892,59,jcb
536,error: Field 'first_name' not found,ehuftonev@usgs.gov,12305,781,jcb
537,error: Field 'first_name' not found,emeertew@zdnet.com,18836,156,china-unionpay
538,error: Field 'first_name' not found,echatainierex@army.mil,18248,321,china-unionpay
539,error: Field 'first_name' not found,ecredlandey@google.pl,17954,32,visa-electron
540,error: Field 'first_name' not found,edillingstoneez@mapquest.com,12036,167,jcb
541,error: Field 'first_name' not found,egabitisf0@i2i.jp,14009,315,diners-club-carte-blanche
542,error: Field 'first_name' not found,euttridgef1@digg.com,19600,289,jcb
543,error: Field 'first_name' not found,eairthf2@whitehouse.gov,14249,90,jcb
544,error: Field 'first_name' not found,egosselinf3@typepad.com,18677,196,jcb
545,error: Field 'first_name' not found,esherbournef4@pen.io,12469,43,jcb
546,error: Field 'first_name' not found,etampinf5@topsy.com,12258,88,laser
547,error: Field 'first_name' not found,elambdonf6@unblog.fr,11888,797,jcb
548,error: Field 'first_name' not found,edebischopf7@theguardian.com,13387,259,jcb
549,error: Field 'first_name' not found,ebaudif8@fc2.com,10925,501,jcb
550,error: Field 'first_name' not found,echarityf9@t.co,11584,188,laser
551,error: Field 'first_name' not found,erennefa@thetimes.co.uk,14403,23,jcb
552,error: Field 'first_name' not found,eorhtmannfb@google.co.uk,13844,54,jcb
553,error: Field 'first_name' not found,eagiolfingerfc@lulu.com,18394,15,diners-club-enroute
554,error: Field 'first_name' not found,ewinwardfd@mapquest.com,12784,61,jcb
555,error: Field 'first_name' not found,ebalbeckfe@elegantthemes.com,13970,280,mastercard
556,error: Field 'first_name' not found,elawlanff@4shared.com,12786,295,visa-electron
557,error: Field 'first_name' not found,ewoodmanfg@purevolume.com,18159,200,visa-electron
558,error: Field 'first_name' not found,eyurchishinfh@apple.com,17083,369,instapayment
559,error: Field 'first_name' not found,ebeckerlegfi@jigsy.com,13396,266,jcb
560,error: Field 'first_name' not found,ebaldazzifj@vistaprint.com,17008,170,diners-club-carte-blanche
561,error: Field 'first_name' not found,ekaretfk@symantec.com,19907,1,jcb
562,error: Field 'first_name' not found,emccomasfl@booking.com,11888,239,maestro
563,error: Field 'first_name' not found,etapperfm@addtoany.com,19295,44,diners-club-carte-blanche
564,error: Field 'first_name' not found,eedmandsfn@sfgate.com,17336,360,bankcard
565,error: Field 'first_name' not found,ehullyerfo@wisc.edu,13510,147,jcb
566,error: Field 'first_name' not found,egotchfp@hc360.com,13613,373,jcb
567,error: Field 'first_name' not found,evasnetsovfq@ihg.com,18862,182,mastercard
568,error: Field 'first_name' not found,ejulyfr@deliciousdays.com,16545,813,visa-electron
569,error: Field 'first_name' not found,ecocklandfs@bing.com,17367,136,jcb
570,error: Field 'first_name' not found,efansyft@4shared.com,12100,334,jcb
571,error: Field 'first_name' not found,eritchfu@independent.co.uk,13362,399,switch
572,error: Field 'first_name' not found,egosforthfv@gmpg.org,11384,511,switch
573,error: Field 'first_name' not found,ebasirefw@wisc.edu,11912,2,china-unionpay
574,error: Field 'first_name' not found,ehyltonfx@spotify.com,19166,395,diners-club-carte-blanche
575,error: Field 'first_name' not found,elisterfy@nps.gov,16349,700,jcb
576,error: Field 'first_name' not found,edaensfz@icq.com,15217,286,diners-club-carte-blanche
577,error: Field 'first_name' not found,echinnockg0@instagram.com,14949,159,laser
578,error: Field 'first_name' not found,ewinnyg1@goodreads.com,17679,67,maestro
579,error: Field 'first_name' not found,eshanksterg2@github.io,15753,560,laser
580,error: Field 'first_name' not found,ededdeng3@naver.com,15381,92,americanexpress
581,error: Field 'first_name' not found,ekruschevg4@pbs.org,18960,156,americanexpress
582,error: Field 'first_name' not found,eweakleyg5@nbcnews.com,16043,7,jcb
583,error: Field 'first_name' not found,eriddg6@eepurl.com,19306,218,jcb
584,error: Field 'first_name' not found,eescoffierg7@omniture.com,14375,123,diners-club-enroute
585,error: Field 'first_name' not found,egoodnowg8@usgs.gov,10780,122,maestro
586,error: Field 'first_name' not found,etredinnickg9@furl.net,19028,187,solo
587,error: Field 'first_name' not found,espilsteadga@npr.org,16369,681,jcb
588,error: Field 'first_name' not found,enorthedgegb@google.com,10431,607,jcb
589,error: Field 'first_name' not found,ebennetongc@tuttocitta.it,16642,228,jcb
590,error: Field 'first_name' not found,eschwandermanngd@123-reg.co.uk,18238,79,visa-electron
591,error: Field 'first_name' not found,eloffheadge@sphinn.com,16467,208,mastercard
592,error: Field 'first_name' not found,eleblondgf@washington.edu,18893,421,jcb
593,error: Field 'first_name' not found,ebaloghgg@uol.com.br,13259,193,jcb
594,error: Field 'first_name' not found,ebessentgh@engadget.com,11187,479,jcb
595,error: Field 'first_name' not found,eupstellgi@people.com.cn,10345,299,jcb
596,error: Field 'first_name' not found,ehaytergj@tuttocitta.it,13118,110,visa
597,error: Field 'first_name' not found,ecapoungk@studiopress.com,12386,683,china-unionpay
598,error: Field 'first_name' not found,elissimoregl@webmd.com,13339,270,maestro
599,error: Field 'first_name' not found,erodingergm@1688.com,16149,142,jcb
600,error: Field 'first_name' not found,ezellmergn@sogou.com,12415,275,switch
601,error: Field 'first_name' not found,emilleygo@blinklist.com,15278,280,americanexpress
602,error: Field 'first_name' not found,ebunhillgp@si.edu,10296,195,jcb
603,error: Field 'first_name' not found,eharbertsongq@gnu.org,18295,165,laser
604,error: Field 'first_name' not found,ebuckbygr@latimes.com,16523,14,jcb
605,error: Field 'first_name' not found,elymangs@opera.com,13823,441,visa-electron
606,error: Field 'first_name' not found,ehackfordgt@soundcloud.com,10887,574,china-unionpay
607,error: Field 'first_name' not found,emahonygu@dedecms.com,11312,7,jcb
608,error: Field 'first_name' not found,edailegv@over-blog.com,15290,311,americanexpress
609,error: Field 'first_name' not found,eedowesgw@epa.gov,19970,268,diners-club-carte-blanche
610,error: Field 'first_name' not found,eglossopgx@123-reg.co.uk,13878,245,jcb
611,error: Field 'first_name' not found,esydegy@cocolog-nifty.com,17747,270,china-unionpay
612,error: Field 'first_name' not found,efigiovannigz@disqus.com,10512,439,maestro
613,error: Field 'first_name' not found,ebrandaccih0@etsy.com,19879,342,diners-club-carte-blanche
614,error: Field 'first_name' not found,ecardnoh1@meetup.com,16104,54,visa-electron
615,error: Field 'first_name' not found,ewardesworthh2@yahoo.co.jp,13459,25,diners-club-enroute
616,error: Field 'first_name' not found,emeadersh3@canalblog.com,17207,94,jcb
617,error: Field 'first_name' not found,emacswaydeh4@cbc.ca,16034,281,americanexpress
618,error: Field 'first_name' not found,esilvestonh5@yahoo.com,17901,132,switch
619,error: Field 'first_name' not found,earnowh6@cpanel.net,11473,387,jcb
620,error: Field 'first_name' not found,efitzpatrickh7@hubpages.com,12255,333,mastercard
621,error: Field 'first_name' not found,eportailh8@businessweek.com,16794,186,jcb
622,error: Field 'first_name' not found,ewhitteth9@spotify.com,12623,38,bankcard
623,error: Field 'first_name' not found,eledgewayha@photobucket.com,12644,85,jcb
624,error: Field 'first_name' not found,ebristowhb@wix.com,10719,46,mastercard
625,error: Field 'first_name' not found,egluyashc@wikipedia.org,18742,29,mastercard
626,error: Field 'first_name' not found,eslanyhd@alexa.com,11340,534,jcb
627,error: Field 'first_name' not found,epuckinghornehe@xinhuanet.com,17923,205,switch
628,error: Field 'first_name' not found,esmallridgehf@baidu.com,13334,195,china-unionpay
629,error: Field 'first_name' not found,ebenoixhg@xinhuanet.com,18669,497,visa-electron
630,error: Field 'first_name' not found,ebramhillhh@goodreads.com,15811,787,visa
631,error: Field 'first_name' not found,eberrhi@mysql.com,17389,246,visa
632,error: Field 'first_name' not found,eklouzhj@example.com,17559,194,visa-electron
633,error: Field 'first_name' not found,epleumanhk@ft.com,15706,134,jcb
634,error: Field 'first_name' not found,esallingerhl@huffingtonpost.com,12033,173,jcb
635,error: Field 'first_name' not found,echorltonhm@e-recht24.de,18990,18,americanexpress
636,error: Field 'first_name' not found,eyitzovitzhn@sakura.ne.jp,14666,324,jcb
637,error: Field 'first_name' not found,eplaunchho@plala.or.jp,11115,136,mastercard
638,error: Field 'first_name' not found,etatlockhp@cnn.com,11430,570,americanexpress
639,error: Field 'first_name' not found,eegrehq@sohu.com,16261,92,bankcard
640,error: Field 'first_name' not found,eeasterlinghr@surveymonkey.com,17513,633,switch
641,error: Field 'first_name' not found,elohdenhs@flickr.com,11606,27,switch
642,error: Field 'first_name' not found,ehabershonht@mysql.com,13702,107,china-unionpay
643,error: Field 'first_name' not found,eygouhu@mac.com,17386,6,instapayment
644,error: Field 'first_name' not found,evertiganhv@illinois.edu,12045,148,jcb
645,error: Field 'first_name' not found,ecalanhw@over-blog.com,15768,348,jcb
646,error: Field 'first_name' not found,emeedendorpehx@vistaprint.com,10667,260,china-unionpay
647,error: Field 'first_name' not found,ebowcherhy@google.ca,10057,361,china-unionpay
648,error: Field 'first_name' not found,elampehz@xinhuanet.com,15687,194,diners-club-carte-blanche
649,error: Field 'first_name' not found,efeatleyi0@deviantart.com,18851,308,mastercard
650,error: Field 'first_name' not found,edanieliani1@businesswire.com,15446,177,jcb
651,error: Field 'first_name' not found,eshowleri2@youku.com,19452,311,americanexpress
652,error: Field 'first_name' not found,emackailei3@163.com,19015,589,mastercard
653,error: Field 'first_name' not found,egorckei4@cyberchimps.com,18592,157,jcb
654,error: Field 'first_name' not found,ekelli5@nydailynews.com,10503,126,bankcard
655,error: Field 'first_name' not found,ebiskupskii6@arstechnica.com,14711,412,americanexpress
656,error: Field 'first_name' not found,espaighti7@cafepress.com,11952,405,visa-electron
657,error: Field 'first_name' not found,eraigatti8@admin.ch,17301,775,jcb
658,error: Field 'first_name' not found,ehendriksei9@blogtalkradio.com,19753,139,mastercard
659,error: Field 'first_name' not found,ewannellia@amazon.co.uk,18715,816,jcb
660,error: Field 'first_name' not found,elangshawib@devhub.com,17779,26,mastercard
661,error: Field 'first_name' not found,eheckleic@go.com,11645,272,jcb
662,error: Field 'first_name' not found,ecardenasid@last.fm,15227,345,diners-club-enroute
663,error: Field 'first_name' not found,eclinganie@time.com,13155,300,maestro
664,error: Field 'first_name' not found,espilsteadif@plala.or.jp,12469,235,diners-club-enroute
665,error: Field 'first_name' not found,etorranceig@blogger.com,11709,247,jcb
666,error: Field 'first_name' not found,elondesboroughih@ustream.tv,10314,77,mastercard
667,error: Field 'first_name' not found,emortenii@army.mil,10434,251,jcb
668,error: Field 'first_name' not found,esigarsij@miibeian.gov.cn,13380,432,jcb
669,error: Field 'first_name' not found,elauritzenik@technorati.com,14062,164,jcb
670,error: Field 'first_name' not found,ejanzil@washingtonpost.com,19733,184,bankcard
671,error: Field 'first_name' not found,ecommucciim@taobao.com,12000,398,mastercard
672,error: Field 'first_name' not found,edibdinin@g.co,14169,336,switch
673,error: Field 'first_name' not found,emillettio@angelfire.com,14217,25,instapayment
674,error: Field 'first_name' not found,ebeevisip@wikia.com,11101,89,jcb
675,error: Field 'first_name' not found,ehaggartiq@dyndns.org,15984,328,jcb
676,error: Field 'first_name' not found,eharomeir@biblegateway.com,17428,244,china-unionpay
677,error: Field 'first_name' not found,ejaulmesis@msn.com,17730,28,diners-club-enroute
678,error: Field 'first_name' not found,elefwichit@mapquest.com,17526,141,mastercard
679,error: Field 'first_name' not found,efinnisiu@techcrunch.com,18789,127,diners-club-carte-blanche
680,error: Field 'first_name' not found,eoborneiv@dropbox.com,10003,338,diners-club-carte-blanche
681,error: Field 'first_name' not found,esandesiw@mapquest.com,11929,392,jcb
682,error: Field 'first_name' not found,ekeileyix@deliciousdays.com,16210,17,maestro
683,error: Field 'first_name' not found,ebraffertoniy@ibm.com,12800,169,jcb
684,error: Field 'first_name' not found,eevequeiz@hugedomains.com,15098,213,visa
685,error: Field 'first_name' not found,emcillroyj0@google.co.uk,18358,274,maestro
686,error: Field 'first_name' not found,ebrockwayj1@phoca.cz,13001,273,jcb
687,error: Field 'first_name' not found,ematfinj2@ihg.com,11899,333,jcb
688,error: Field 'first_name' not found,efreenj3@goodreads.com,12944,30,jcb
689,error: Field 'first_name' not found,edreppj4@youtube.com,11645,30,maestro
690,error: Field 'first_name' not found,emalpassj5@smugmug.com,15928,183,mastercard
691,error: Field 'first_name' not found,esmitherhamj6@oaic.gov.au,12983,378,jcb
692,error: Field 'first_name' not found,elancastlej7@youtube.com,16200,99,mastercard
693,error: Field 'first_name' not found,ebestwerthickj8@state.gov,13754,341,bankcard
694,error: Field 'first_name' not found,estovingj9@icio.us,18228,18,bankcard
695,error: Field 'first_name' not found,eebenezerja@time.com,12424,26,bankcard
696,error: Field 'first_name' not found,elegrandjb@imgur.com,10400,751,jcb
697,error: Field 'first_name' not found,eilievejc@wix.com,14903,93,mastercard
698,error: Field 'first_name' not found,etrattlesjd@nationalgeographic.com,14479,76,jcb
699,error: Field 'first_name' not found,egerleitje@furl.net,15203,352,mastercard
700,error: Field 'first_name' not found,edavitashvilijf@dion.ne.jp,15882,213,jcb
701,error: Field 'first_name' not found,ekenawayjg@woothemes.com,12583,68,americanexpress
702,error: Field 'first_name' not found,ebruinemanjh@youtube.com,12056,351,mastercard
703,error: Field 'first_name' not found,emountneyji@sun.com,10689,387,jcb
704,error: Field 'first_name' not found,efolshomjj@dion.ne.jp,18372,223,mastercard
705,error: Field 'first_name' not found,esommerliejk@shareasale.com,11359,708,china-unionpay
706,error: Field 'first_name' not found,edennejl@howstuffworks.com,13367,41,jcb
707,error: Field 'first_name' not found,erickwordjm@over-blog.com,10085,249,americanexpress
708,error: Field 'first_name' not found,eclaricoatesjn@linkedin.com,11420,153,china-unionpay
709,error: Field 'first_name' not found,eclowsjo@parallels.com,10477,242,visa
710,error: Field 'first_name' not found,eorringjp@epa.gov,19412,498,jcb
711,error: Field 'first_name' not found,ewylemanjq@desdev.cn,14058,61,china-unionpay
712,error: Field 'first_name' not found,ecrumbyjr@bloomberg.com,12458,21,jcb
713,error: Field 'first_name' not found,eduddingjs@who.int,15891,281,bankcard
714,error: Field 'first_name' not found,ehammersleyjt@wp.com,19500,4,switch
715,error: Field 'first_name' not found,ecrottaghju@slideshare.net,14724,220,diners-club-enroute
716,error: Field 'first_name' not found,egoodierjv@blogspot.com,17487,71,diners-club-carte-blanche
717,error: Field 'first_name' not found,emcjarrowjw@usnews.com,12587,248,jcb
718,error: Field 'first_name' not found,eclemonjx@sbwire.com,18217,62,diners-club-carte-blanche
719,error: Field 'first_name' not found,epleasejy@macromedia.com,17407,609,jcb
720,error: Field 'first_name' not found,emcsporrinjz@thetimes.co.uk,13460,153,jcb
721,error: Field 'first_name' not found,eallchornek0@pinterest.com,17175,23,bankcard
722,error: Field 'first_name' not found,emcilrathk1@icq.com,19457,238,jcb
723,error: Field 'first_name' not found,emitchensonk2@w3.org,18467,39,jcb
724,error: Field 'first_name' not found,erapportk3@networkadvertising.org,19881,73,mastercard
725,error: Field 'first_name' not found,efilasovk4@go.com,16217,327,jcb
726,error: Field 'first_name' not found,emacmillank5@geocities.com,12764,30,jcb
727,error: Field 'first_name' not found,eselesnickk6@smh.com.au,12873,64,jcb
728,error: Field 'first_name' not found,ebroadberriek7@admin.ch,15576,138,americanexpress
729,error: Field 'first_name' not found,ecossemk8@soup.io,19149,444,laser
730,error: Field 'first_name' not found,epollicattk9@google.com.br,13081,6,jcb
731,error: Field 'first_name' not found,erolstoneka@etsy.com,15476,117,jcb
732,error: Field 'first_name' not found,echaudhrykb@craigslist.org,18657,264,jcb
733,error: Field 'first_name' not found,estaigkc@g.co,17965,102,jcb
734,error: Field 'first_name' not found,efoisterkd@w3.org,15991,376,jcb
735,error: Field 'first_name' not found,efibbingske@mozilla.com,12001,230,diners-club-enroute
736,error: Field 'first_name' not found,elindhekf@abc.net.au,12235,237,jcb
737,error: Field 'first_name' not found,epiperleykg@seesaa.net,18753,40,instapayment
738,error: Field 'first_name' not found,ewilcottkh@hud.gov,18592,278,jcb
739,error: Field 'first_name' not found,ekuhntki@umich.edu,16345,140,jcb
740,error: Field 'first_name' not found,ewhitloekj@shinystat.com,16835,95,laser
741,error: Field 'first_name' not found,eheliankk@aboutads.info,15588,504,jcb
742,error: Field 'first_name' not found,esibbetkl@goo.ne.jp,14028,302,americanexpress
743,error: Field 'first_name' not found,epaolillokm@t.co,10149,374,mastercard
744,error: Field 'first_name' not found,ejandelkn@mapy.cz,11196,237,jcb
745,error: Field 'first_name' not found,ealenko@creativecommons.org,11173,770,bankcard
746,error: Field 'first_name' not found,eshelbournekp@cdbaby.com,11275,539,jcb
747,error: Field 'first_name' not found,ewrenkq@quantcast.com,13392,22,jcb
748,error: Field 'first_name' not found,emickelwrightkr@dell.com,15073,458,jcb
749,error: Field 'first_name' not found,eskittrellks@icq.com,16984,296,diners-club-international
750,error: Field 'first_name' not found,efrisekt@smugmug.com,19113,366,jcb
751,error: Field 'first_name' not found,ebowldku@msu.edu,13086,413,jcb
752,error: Field 'first_name' not found,echyuertonkv@zimbio.com,10384,178,switch
753,error: Field 'first_name' not found,ebaythorpkw@storify.com,14289,346,jcb
754,error: Field 'first_name' not found,elamballkx@sitemeter.com,11796,22,jcb
755,error: Field 'first_name' not found,eeldertonky@cornell.edu,15313,244,jcb
756,error: Field 'first_name' not found,epartlettkz@newsvine.com,17560,43,bankcard
757,error: Field 'first_name' not found,ebonneyl0@de.vu,11219,179,diners-club-enroute
758,error: Field 'first_name' not found,edangll1@amazon.com,12998,465,switch
759,error: Field 'first_name' not found,elarkl2@google.com.br,19594,399,jcb
760,error: Field 'first_name' not found,etoffaninil3@webnode.com,13566,66,jcb
761,error: Field 'first_name' not found,ewhertonl4@goo.ne.jp,10505,249,jcb
762,error: Field 'first_name' not found,ezanucioliil5@qq.com,10332,152,bankcard
763,error: Field 'first_name' not found,etimsonl6@hugedomains.com,15593,114,solo
764,error: Field 'first_name' not found,eworlidgel7@ft.com,12734,105,jcb
765,error: Field 'first_name' not found,ehanhardl8@dagondesign.com,16078,385,maestro
766,error: Field 'first_name' not found,eronnayl9@amazon.de,17861,311,visa-electron
767,error: Field 'first_name' not found,emapotherla@alexa.com,18527,553,jcb
768,error: Field 'first_name' not found,eturrilb@feedburner.com,18767,381,maestro
769,error: Field 'first_name' not found,esivornlc@seattletimes.com,17346,384,mastercard
770,error: Field 'first_name' not found,efilgateld@google.com,16006,379,china-unionpay
771,error: Field 'first_name' not found,eduxburyle@mayoclinic.com,13814,138,jcb
772,error: Field 'first_name' not found,ewattishamlf@dailymotion.com,12992,417,jcb
773,error: Field 'first_name' not found,ebiaggettilg@angelfire.com,13886,39,jcb
774,error: Field 'first_name' not found,ehegellh@weebly.com,19636,294,americanexpress
775,error: Field 'first_name' not found,eramshayli@blogspot.com,15101,563,visa
776,error: Field 'first_name' not found,ewandracklj@blogtalkradio.com,15424,181,jcb
777,error: Field 'first_name' not found,emousbylk@yandex.ru,13725,136,jcb
778,error: Field 'first_name' not found,ecoupmanll@feedburner.com,18053,653,diners-club-international
779,error: Field 'first_name' not found,ewarinlm@theguardian.com,17514,474,switch
780,error: Field 'first_name' not found,epevsnerln@dedecms.com,14323,64,visa-electron
781,error: Field 'first_name' not found,ehellerlo@wiley.com,16449,392,jcb
782,error: Field 'first_name' not found,egrishankovlp@discovery.com,10070,506,diners-club-enroute
783,error: Field 'first_name' not found,ealexanderlq@hostgator.com,13966,645,diners-club-carte-blanche
784,error: Field 'first_name' not found,eopdenortlr@usa.gov,18956,184,jcb
785,error: Field 'first_name' not found,erozierls@smugmug.com,19047,330,diners-club-enroute
786,error: Field 'first_name' not found,ewildmanlt@blog.com,14080,330,maestro
787,error: Field 'first_name' not found,ebrandassilu@4shared.com,17178,16,jcb
788,error: Field 'first_name' not found,eskellionlv@slashdot.org,11977,251,diners-club-enroute
789,error: Field 'first_name' not found,ebrizlandlw@sitemeter.com,19201,131,switch
790,error: Field 'first_name' not found,emccaghanlx@cnbc.com,14779,52,visa-electron
791,error: Field 'first_name' not found,emillisly@harvard.edu,14637,228,visa-electron
792,error: Field 'first_name' not found,ehannabylz@usgs.gov,19201,228,jcb
793,error: Field 'first_name' not found,eacunam0@pbs.org,15809,179,mastercard
794,error: Field 'first_name' not found,egorsem1@amazon.de,10487,24,china-unionpay
795,error: Field 'first_name' not found,esamwayesm2@studiopress.com,14662,149,jcb
796,error: Field 'first_name' not found,erobkem3@gravatar.com,18242,153,switch
797,error: Field 'first_name' not found,estrutherm4@51.la,16642,88,diners-club-carte-blanche
798,error: Field 'first_name' not found,elyttlem5@microsoft.com,19024,621,americanexpress
799,error: Field 'first_name' not found,ehammertonm6@disqus.com,15976,69,laser
800,error: Field 'first_name' not found,ecaudellm7@hexun.com,19171,86,jcb
801,error: Field 'first_name' not found,eclappm8@wufoo.com,17497,159,diners-club-carte-blanche
802,error: Field 'first_name' not found,esymmersm9@ebay.com,15479,19,mastercard
803,error: Field 'first_name' not found,ehalladayma@opensource.org,18208,73,bankcard
804,error: Field 'first_name' not found,ecogleymb@sina.com.cn,19983,6,jcb
805,error: Field 'first_name' not found,eplettmc@dailymail.co.uk,11559,70,switch
806,error: Field 'first_name' not found,efairlawmd@time.com,15465,146,jcb
807,error: Field 'first_name' not found,emashamme@networkadvertising.org,13994,19,jcb
808,error: Field 'first_name' not found,emacgillicuddymf@1688.com,11626,379,solo
809,error: Field 'first_name' not found,ejansenmg@chicagotribune.com,15179,123,visa-electron
810,error: Field 'first_name' not found,epurkinsmh@wikimedia.org,10194,176,switch
811,error: Field 'first_name' not found,elandermi@shinystat.com,13064,7,jcb
812,error: Field 'first_name' not found,ezupamj@ning.com,19793,176,jcb
813,error: Field 'first_name' not found,escaddenmk@theguardian.com,10410,104,americanexpress
814,error: Field 'first_name' not found,eronaldml@ed.gov,10235,83,jcb
815,error: Field 'first_name' not found,elenehammm@examiner.com,14465,614,visa
816,error: Field 'first_name' not found,edyneleymn@un.org,16283,5,visa
817,error: Field 'first_name' not found,ecrannagemo@dagondesign.com,18685,449,jcb
818,error: Field 'first_name' not found,egligorimp@is.gd,10990,90,diners-club-carte-blanche
819,error: Field 'first_name' not found,egeldermq@stumbleupon.com,13576,94,mastercard
820,error: Field 'first_name' not found,elegerwoodmr@netscape.com,11297,7,jcb
821,error: Field 'first_name' not found,efilipovicms@craigslist.org,16706,594,jcb
822,error: Field 'first_name' not found,eparlettmt@ezinearticles.com,16545,51,switch
823,error: Field 'first_name' not found,ejeffriesmu@huffingtonpost.com,11270,234,jcb
824,error: Field 'first_name' not found,emacdavittmv@posterous.com,17549,17,americanexpress
825,error: Field 'first_name' not found,ebadinimw@etsy.com,14022,410,jcb
826,error: Field 'first_name' not found,ewinmillmx@cam.ac.uk,13723,107,jcb
827,error: Field 'first_name' not found,ebankhurstmy@prweb.com,12412,18,switch
828,error: Field 'first_name' not found,esollismz@istockphoto.com,15359,394,bankcard
829,error: Field 'first_name' not found,elygon0@wsj.com,14664,103,maestro
830,error: Field 'first_name' not found,eeayrsn1@unc.edu,12854,3,jcb
831,error: Field 'first_name' not found,eyukhnevn2@ucla.edu,12347,333,bankcard
832,error: Field 'first_name' not found,eskyrmn3@wikispaces.com,16649,386,jcb
833,error: Field 'first_name' not found,ealdcornen4@cafepress.com,10985,117,visa
834,error: Field 'first_name' not found,ecastanen5@typepad.com,16634,21,jcb
835,error: Field 'first_name' not found,epolyen6@archive.org,18604,149,mastercard
836,error: Field 'first_name' not found,eoffelln7@symantec.com,15509,88,bankcard
837,error: Field 'first_name' not found,ealelsandrowiczn8@ebay.co.uk,16830,438,diners-club-carte-blanche
838,error: Field 'first_name' not found,etidmarshn9@wix.com,16841,310,maestro
839,error: Field 'first_name' not found,eleveragena@bloomberg.com,17820,148,jcb
840,error: Field 'first_name' not found,elangsdonnb@biblegateway.com,12876,393,jcb
841,error: Field 'first_name' not found,egaskillnc@chron.com,16453,6,americanexpress
842,error: Field 'first_name' not found,edanielskind@google.co.uk,11836,84,jcb
843,error: Field 'first_name' not found,efrillne@biblegateway.com,13876,172,jcb
844,error: Field 'first_name' not found,eoffnernf@last.fm,10855,341,diners-club-carte-blanche
845,error: Field 'first_name' not found,eeasterfieldng@senate.gov,16503,122,jcb
846,error: Field 'first_name' not found,epalombinh@photobucket.com,19421,103,maestro
847,error: Field 'first_name' not found,ecossemni@time.com,16637,106,jcb
848,error: Field 'first_name' not found,echartmannj@stanford.edu,19271,36,jcb
849,error: Field 'first_name' not found,eswanbournenk@prlog.org,15281,220,maestro
850,error: Field 'first_name' not found,ethurbonnl@tinypic.com,15069,218,jcb
851,error: Field 'first_name' not found,eroadknightnm@dmoz.org,15070,418,visa-electron
852,error: Field 'first_name' not found,etrenouthnn@wp.com,13236,108,jcb
853,error: Field 'first_name' not found,eedgsonno@tinypic.com,19701,603,americanexpress
854,error: Field 'first_name' not found,edeggnp@seattletimes.com,15656,61,visa-electron
855,error: Field 'first_name' not found,erubinshteinnq@wsj.com,16475,382,visa-electron
856,error: Field 'first_name' not found,edavidovnr@nhs.uk,17131,218,laser
857,error: Field 'first_name' not found,edutsonns@nytimes.com,17221,211,diners-club-carte-blanche
858,error: Field 'first_name' not found,ebodechonnt@timesonline.co.uk,13297,46,mastercard
859,error: Field 'first_name' not found,eschustnu@soundcloud.com,12173,247,diners-club-us-ca
860,error: Field 'first_name' not found,etiddemannv@oaic.gov.au,14162,98,bankcard
861,error: Field 'first_name' not found,esimeceknw@time.com,15287,134,jcb
862,error: Field 'first_name' not found,eschlaghnx@symantec.com,18608,23,jcb
863,error: Field 'first_name' not found,eyashanovny@furl.net,11153,98,maestro
864,error: Field 'first_name' not found,eledwardnz@ca.gov,11317,93,maestro
865,error: Field 'first_name' not found,eballingalo0@nih.gov,10475,465,instapayment
866,error: Field 'first_name' not found,eholliaro1@linkedin.com,12668,380,maestro
867,error: Field 'first_name' not found,esandellso2@mozilla.com,13953,206,jcb
868,error: Field 'first_name' not found,eblakelyo3@pbs.org,14828,344,americanexpress
869,error: Field 'first_name' not found,ecasaccioo4@zimbio.com,15796,215,jcb
870,error: Field 'first_name' not found,evaggeso5@ftc.gov,18597,150,maestro
871,error: Field 'first_name' not found,edovestono6@ifeng.com,19818,66,laser
872,error: Field 'first_name' not found,eantono7@nationalgeographic.com,17950,174,americanexpress
873,error: Field 'first_name' not found,epierpointo8@artisteer.com,12648,42,maestro
874,error: Field 'first_name' not found,ekastingo9@usgs.gov,13068,48,jcb
875,error: Field 'first_name' not found,enevinoa@phoca.cz,12996,5,switch
876,error: Field 'first_name' not found,eofogertyob@china.com.cn,15092,234,switch
877,error: Field 'first_name' not found,epressdeeoc@rambler.ru,14187,286,switch
878,error: Field 'first_name' not found,evandevliesod@hostgator.com,19201,432,jcb
879,error: Field 'first_name' not found,ebaylyoe@examiner.com,13708,245,laser
880,error: Field 'first_name' not found,epopovof@wunderground.com,11046,119,laser
881,error: Field 'first_name' not found,ekintonog@zdnet.com,13233,395,jcb
882,error: Field 'first_name' not found,ewestcotoh@example.com,12848,185,jcb
883,error: Field 'first_name' not found,ehodgesoi@twitpic.com,18710,604,china-unionpay
884,error: Field 'first_name' not found,eyakunikovoj@icq.com,18947,93,bankcard
885,error: Field 'first_name' not found,ecabbleok@amazon.co.uk,11064,184,jcb
886,error: Field 'first_name' not found,ekillelayol@chronoengine.com,12358,637,mastercard
887,error: Field 'first_name' not found,efarhertyom@multiply.com,13848,19,china-unionpay
888,error: Field 'first_name' not found,elavellon@sbwire.com,12001,305,visa-electron
889,error: Field 'first_name' not found,evenneyoo@alibaba.com,15339,248,jcb
890,error: Field 'first_name' not found,econyardop@yandex.ru,17804,47,visa
891,error: Field 'first_name' not found,ebarrowoq@clickbank.net,14813,336,bankcard
892,error: Field 'first_name' not found,elewseyor@nasa.gov,15047,151,jcb
893,error: Field 'first_name' not found,elyleos@apple.com,11714,98,visa-electron
894,error: Field 'first_name' not found,eitscowicsot@google.fr,12498,244,jcb
895,error: Field 'first_name' not found,egrishaginou@netvibes.com,13127,179,mastercard
896,error: Field 'first_name' not found,efonzoov@cyberchimps.com,15456,259,diners-club-enroute
897,error: Field 'first_name' not found,eciccottiow@independent.co.uk,18000,74,diners-club-carte-blanche
898,error: Field 'first_name' not found,efolcaox@craigslist.org,18199,337,visa-electron
899,error: Field 'first_name' not found,efriddoy@zimbio.com,19969,75,jcb
900,error: Field 'first_name' not found,esulmanoz@apache.org,19069,57,jcb
901,error: Field 'first_name' not found,escullinp0@example.com,11176,455,jcb
902,error: Field 'first_name' not found,esimnellp1@nytimes.com,13727,331,jcb
903,error: Field 'first_name' not found,epeeverp2@admin.ch,16229,94,visa-electron
904,error: Field 'first_name' not found,ebrackleyp3@shop-pro.jp,14488,97,laser
905,error: Field 'first_name' not found,ekitteringhamp4@prnewswire.com,10716,183,maestro
906,error: Field 'first_name' not found,esindenp5@businessweek.com,19292,200,instapayment
907,error: Field 'first_name' not found,etilzeyp6@123-reg.co.uk,16178,148,jcb
908,error: Field 'first_name' not found,echengp7@marketwatch.com,11246,201,jcb
909,error: Field 'first_name' not found,eislipp8@stanford.edu,16408,286,jcb
910,error: Field 'first_name' not found,ecredlandp9@usnews.com,15528,405,jcb
911,error: Field 'first_name' not found,ebaradelpa@friendfeed.com,15166,52,jcb
912,error: Field 'first_name' not found,elaurentpb@engadget.com,14051,336,jcb
913,error: Field 'first_name' not found,elattkapc@cmu.edu,18370,219,jcb
914,error: Field 'first_name' not found,ebewsheapd@soundcloud.com,11561,121,americanexpress
915,error: Field 'first_name' not found,emcvicarpe@dagondesign.com,17928,151,jcb
916,error: Field 'first_name' not found,esummerhayespf@ezinearticles.com,17135,538,americanexpress
917,error: Field 'first_name' not found,efraschettipg@themeforest.net,14229,12,maestro
918,error: Field 'first_name' not found,ebarkleyph@gnu.org,15646,409,jcb
919,error: Field 'first_name' not found,ekimberlypi@indiatimes.com,13023,51,china-unionpay
920,error: Field 'first_name' not found,ebeldingpj@ed.gov,18942,260,visa-electron
921,error: Field 'first_name' not found,egoalbypk@columbia.edu,12968,58,switch
922,error: Field 'first_name' not found,egaythorpl@yelp.com,11736,3,jcb
923,error: Field 'first_name' not found,egushpm@indiegogo.com,15300,438,mastercard
924,error: Field 'first_name' not found,edoughillpn@google.pl,13793,61,jcb
925,error: Field 'first_name' not found,eludlempo@prnewswire.com,15489,167,jcb
926,error: Field 'first_name' not found,eungerechtpp@forbes.com,13084,192,mastercard
927,error: Field 'first_name' not found,esagepq@ucla.edu,11536,507,jcb
928,error: Field 'first_name' not found,ebaythroppr@miitbeian.gov.cn,15165,103,jcb
929,error: Field 'first_name' not found,ebootesps@patch.com,14085,491,jcb
930,error: Field 'first_name' not found,enavarrept@narod.ru,16326,362,mastercard
931,error: Field 'first_name' not found,ebrandsmapu@paypal.com,10226,303,jcb
932,error: Field 'first_name' not found,eghironpv@sina.com.cn,18091,83,jcb
933,error: Field 'first_name' not found,emarlowepw@ucoz.ru,15165,35,maestro
934,error: Field 'first_name' not found,emcffadenpx@squarespace.com,19475,79,jcb
935,error: Field 'first_name' not found,emcgillacoellpy@51.la,16417,613,maestro
936,error: Field 'first_name' not found,ebilliepz@cdc.gov,19296,50,switch
937,error: Field 'first_name' not found,esiemianowiczq0@home.pl,12689,173,china-unionpay
938,error: Field 'first_name' not found,ebrogioniq1@umn.edu,17843,434,jcb
939,error: Field 'first_name' not found,emertschingq2@japanpost.jp,15047,422,mastercard
940,error: Field 'first_name' not found,eclotworthyq3@usatoday.com,16099,83,jcb
941,error: Field 'first_name' not found,edowdq4@bing.com,17895,248,jcb
942,error: Field 'first_name' not found,emattioniq5@w3.org,10540,46,visa
943,error: Field 'first_name' not found,etuddallq6@buzzfeed.com,15637,383,maestro
944,error: Field 'first_name' not found,epfeiferq7@dot.gov,16177,290,visa-electron
945,error: Field 'first_name' not found,etosneyq8@gnu.org,11617,158,mastercard
946,error: Field 'first_name' not found,erosenstengelq9@unicef.org,18235,223,jcb
947,error: Field 'first_name' not found,epolottiqa@themeforest.net,10645,352,americanexpress
948,error: Field 'first_name' not found,efalcoqb@foxnews.com,16693,382,jcb
949,error: Field 'first_name' not found,edeluciaqc@dailymail.co.uk,17716,286,diners-club-carte-blanche
950,error: Field 'first_name' not found,ebrasnerqd@cam.ac.uk,12628,177,china-unionpay
951,error: Field 'first_name' not found,ehabornqe@mail.ru,14822,586,jcb
952,error: Field 'first_name' not found,egleaveqf@cafepress.com,11038,884,visa-electron
953,error: Field 'first_name' not found,eantonoczykqg@jigsy.com,15539,55,jcb
954,error: Field 'first_name' not found,echirmqh@deliciousdays.com,12352,248,jcb
955,error: Field 'first_name' not found,eszreterqi@answers.com,12090,339,jcb
956,error: Field 'first_name' not found,epassmanqj@ebay.com,17911,49,jcb
957,error: Field 'first_name' not found,ealdissqk@mayoclinic.com,16282,110,switch
958,error: Field 'first_name' not found,eklimukql@hibu.com,19274,271,jcb
959,error: Field 'first_name' not found,estandonqm@biglobe.ne.jp,17913,216,switch
960,error: Field 'first_name' not found,emcgroutherqn@joomla.org,19086,245,jcb
961,error: Field 'first_name' not found,evedyaevqo@unblog.fr,10182,51,americanexpress
962,error: Field 'first_name' not found,echurchardqp@usgs.gov,13535,358,americanexpress
963,error: Field 'first_name' not found,ejachimiakqq@sfgate.com,11003,518,bankcard
964,error: Field 'first_name' not found,echippendaleqr@php.net,13985,162,maestro
965,error: Field 'first_name' not found,eparkynqs@tiny.cc,13084,2,visa
966,error: Field 'first_name' not found,elongegaqt@goodreads.com,10324,289,instapayment
967,error: Field 'first_name' not found,equiddingtonqu@blogs.com,10350,2,jcb
968,error: Field 'first_name' not found,ekiezlerqv@posterous.com,13266,575,china-unionpay
969,error: Field 'first_name' not found,epextonqw@imageshack.us,19582,237,switch
970,error: Field 'first_name' not found,elowneqx@google.nl,16971,449,visa-electron
971,error: Field 'first_name' not found,eouthwaiteqy@statcounter.com,18534,201,jcb
972,error: Field 'first_name' not found,epoppingqz@meetup.com,16570,84,jcb
973,error: Field 'first_name' not found,escamerdiner0@shutterfly.com,17189,127,mastercard
974,error: Field 'first_name' not found,ecastillonr1@google.pl,16699,195,diners-club-us-ca
975,error: Field 'first_name' not found,ebeckittr2@ezinearticles.com,13684,205,jcb
976,error: Field 'first_name' not found,ebirtsr3@nasa.gov,19939,334,mastercard
977,error: Field 'first_name' not found,etattamr4@prlog.org,11873,78,china-unionpay
978,error: Field 'first_name' not found,emadrer5@kickstarter.com,19657,82,mastercard
979,error: Field 'first_name' not found,ebrothwellr6@va.gov,12662,134,maestro
980,error: Field 'first_name' not found,edillimorer7@senate.gov,18689,174,mastercard
981,error: Field 'first_name' not found,eblatchfordr8@npr.org,12229,64,diners-club-carte-blanche
982,error: Field 'first_name' not found,ewoodyearr9@opera.com,18239,29,switch
983,error: Field 'first_name' not found,emcalinionra@theglobeandmail.com,14390,70,bankcard
984,error: Field 'first_name' not found,eibbotsonrb@twitter.com,15002,451,jcb
985,error: Field 'first_name' not found,edebeauchemprc@businesswire.com,14937,272,maestro
986,error: Field 'first_name' not found,echattelainerd@123-reg.co.uk,18755,154,switch
987,error: Field 'first_name' not found,egorgerre@globo.com,14006,393,instapayment
988,error: Field 'first_name' not found,edebrettrf@state.gov,19498,23,instapayment
989,error: Field 'first_name' not found,emurtaghrg@irs.gov,11271,370,laser
990,error: Field 'first_name' not found,efranzenrh@dot.gov,18323,184,jcb
991,error: Field 'first_name' not found,eelgarri@odnoklassniki.ru,13824,203,americanexpress
992,error: Field 'first_name' not found,eattersollrj@domainmarket.com,11356,386,americanexpress
993,error: Field 'first_name' not found,ekrabberk@mapy.cz,16416,147,mastercard
994,error: Field 'first_name' not found,ejordanrl@free.fr,16404,117,jcb
995,error: Field 'first_name' not found,efrowenrm@hc360.com,14710,462,switch
996,error: Field 'first_name' not found,ewogdonrn@drupal.org,10728,724,china-unionpay
997,error: Field 'first_name' not found,ebeelbyro@com.com,19582,110,jcb
998,error: Field 'first_name' not found,ejudkinsrp@posterous.com,16047,356,china-unionpay
999,error: Field 'first_name' not found,ehartfordrq@princeton.edu,17914,315,jcb
1000,error: Field 'first_name' not found,emoattrr@techcrunch.com,14380,289,jcb
